employee_name,net_pay,taxes,ytd_earnings,ytd_taxes_paid
Luffy,1102.2375,322.7625,21102.24,4852.76
Nami,5672.330755,1660.999245,22689.33,6644.0
Light Yagami,773.5,226.5,10773.5,2491.5
Misa Amane,4447.625,1302.375,16447.62,4802.38
Edward Elric,3029.544245,887.125755,14029.54,3220.13
Eren Yeager,541.45,158.55,6541.45,1517.55
Mikasa Ackerman,3635.45,1064.55,13635.45,3397.55
